Episode,Metrica 1,Metrica 2,Metrica 3,Metrica 4,Metrica 5,Metrica 6,Metrica 7
1,4.83,1.67,88.33,52.63,23.68,1.311251954609072,1.32
2,2.56,1.67,95.0,73.68,18.42,1.5013001649316253,1.26
3,6.39,5.0,90.0,47.37,26.32,1.4321384039831018,1.32
4,0.56,0.0,98.33,60.53,18.42,1.162186034493666,1.34
5,9.31,6.67,86.67,42.11,23.68,0.8275862068965516,1.29
6,2.0,0.0,95.0,47.37,23.68,1.5521072324037097,1.24
7,2.08,0.0,95.0,63.16,15.79,0.8926785535678563,1.39
8,2.08,1.67,96.67,42.11,21.05,1.0327955589886444,1.26
9,2.97,1.67,93.33,52.63,21.05,0.816496580927726,1.32
10,11.86,8.33,81.67,44.74,26.32,1.1866605518454394,1.42
11,2.14,0.0,93.33,55.26,18.42,1.162186034493666,1.39
12,3.81,0.0,90.0,36.84,23.68,1.2014656131161618,1.32
13,2.0,1.67,96.67,44.74,15.79,0.9270248108869579,1.37
14,5.0,1.67,90.0,34.21,18.42,0.9481895778515527,1.29
15,6.44,3.33,86.67,47.37,18.42,0.8775142263700284,1.47
16,4.42,0.0,86.67,52.63,26.32,1.3813628289866942,1.45
17,11.25,6.67,80.0,44.74,23.68,0.7848142535683477,1.45
18,5.42,1.67,88.33,52.63,28.95,1.227262335243029,1.32
19,2.78,0.0,91.67,52.63,18.42,1.0452807578077195,1.29
20,8.33,5.0,85.0,63.16,21.05,1.0645812948447542,1.32
21,3.75,1.67,93.33,57.89,26.32,1.124858267715973,1.21
22,3.75,1.67,93.33,36.84,26.32,1.2163847404233143,1.29
23,1.94,0.0,93.33,44.74,18.42,1.1052801096136653,1.47
24,5.42,1.67,86.67,71.05,18.42,1.075698838744069,1.34
25,4.17,3.33,95.0,42.11,28.95,0.8314794192830979,1.32
26,4.31,3.33,93.33,47.37,21.05,1.505545305418162,1.32
27,7.28,5.0,86.67,47.37,18.42,1.1340900536288352,1.32
28,5.06,3.33,90.0,52.63,15.79,1.1110243021644486,1.34
29,2.5,0.0,93.33,68.42,18.42,0.9481895778515527,1.39
30,8.75,5.0,83.33,47.37,28.95,1.3698697784375502,1.11
31,4.31,3.33,93.33,42.11,23.68,1.0147544116939422,1.34
32,1.5,0.0,95.0,52.63,21.05,0.9660917830792959,1.34
33,8.08,3.33,81.67,60.53,18.42,1.41274118970698,1.32
34,6.53,3.33,86.67,55.26,34.21,1.131370849898476,1.26
35,9.31,8.33,88.33,52.63,21.05,1.0,1.32
36,5.67,1.67,86.67,44.74,15.79,0.9921567416492215,1.42
37,6.11,5.0,91.67,68.42,23.68,1.2575574157800322,1.21
38,5.75,3.33,90.0,60.53,18.42,0.9481895778515527,1.42
39,4.42,0.0,86.67,60.53,18.42,1.2164327506428902,1.34
40,5.06,1.67,90.0,65.79,23.68,1.2575574157800324,1.37
41,5.42,5.0,93.33,60.53,23.68,1.0147544116939422,1.29
42,3.61,1.67,93.33,44.74,26.32,1.3014905113063286,1.29
43,5.14,1.67,88.33,47.37,26.32,1.3014905113063286,1.29
44,4.22,1.67,90.0,63.16,10.53,1.0017286097603766,1.37
45,3.47,1.67,93.33,39.47,21.05,1.2649110640673518,1.26
46,4.67,1.67,88.33,42.11,21.05,1.2110601416389966,1.32
47,6.67,3.33,86.67,44.74,15.79,1.0825317547305484,1.47
48,7.14,5.0,88.33,42.11,23.68,0.9443492370778727,1.32
49,3.06,1.67,93.33,50.0,18.42,1.0756988387440687,1.34
50,2.92,0.0,91.67,26.32,21.05,1.0645812948447542,1.42
51,6.72,5.0,90.0,47.37,23.68,0.9801841657621996,1.34
52,5.69,3.33,90.0,47.37,26.32,1.124858267715973,1.21
53,2.56,1.67,95.0,44.74,26.32,0.9147320339189784,1.34
54,6.39,3.33,90.0,36.84,28.95,1.2862041003100253,1.37
55,4.92,1.67,86.67,50.0,21.05,0.9309493362512627,1.45
56,3.22,0.0,88.33,50.0,28.95,0.9558139185602919,1.37
57,3.33,0.0,90.0,60.53,21.05,1.4142135623730951,1.18
58,5.0,3.33,91.67,57.89,18.42,1.1621860344936659,1.32
59,4.78,1.67,88.33,57.89,26.32,0.9147320339189784,1.29
60,7.22,5.0,90.0,52.63,23.68,0.9443492370778727,1.42
61,4.17,1.67,91.67,50.0,21.05,1.3662601021279464,1.39
62,5.97,3.33,90.0,44.74,28.95,1.1653431646335017,1.26
63,3.39,1.67,93.33,47.37,23.68,0.9801841657621997,1.34
64,6.11,3.33,86.67,55.26,26.32,1.2453996981544784,1.24
65,6.31,1.67,83.33,47.37,21.05,0.816496580927726,1.39
66,4.72,1.67,90.0,71.05,28.95,1.227262335243029,1.26
67,10.19,6.67,83.33,57.89,18.42,1.0139505577743038,1.45
68,3.89,1.67,93.33,44.74,18.42,1.4796574117651244,1.26
69,6.25,1.67,88.33,50.0,13.16,1.057571416158494,1.37
70,2.92,0.0,93.33,63.16,23.68,1.311251954609072,1.24
71,5.56,3.33,91.67,52.63,15.79,0.8569568250501305,1.34
72,7.08,3.33,88.33,39.47,31.58,1.2015768732164085,1.34
73,7.5,5.0,88.33,60.53,15.79,1.0231690964840563,1.42
74,7.83,6.67,88.33,47.37,28.95,1.3698697784375502,1.42
75,5.0,3.33,93.33,55.26,18.42,1.0756988387440687,1.34
76,3.19,1.67,93.33,44.74,31.58,1.2015768732164085,1.26
77,8.11,3.33,85.0,63.16,18.42,0.9135356295810512,1.32
78,9.0,5.0,83.33,28.95,13.16,1.242054638298133,1.26
79,5.06,3.33,91.67,36.84,34.21,1.2649110640673518,1.29
80,3.61,1.67,93.33,47.37,28.95,1.2570787221094177,1.32
81,5.83,5.0,91.67,68.42,18.42,0.8006241061929583,1.37
82,4.0,1.67,90.0,52.63,21.05,1.1832159566199232,1.32
83,5.81,3.33,88.33,47.37,26.32,0.9147320339189785,1.26
84,4.56,0.0,85.0,52.63,18.42,0.9816209067550282,1.32
85,3.61,1.67,93.33,42.11,23.68,1.112035551489455,1.42
86,13.89,11.67,83.33,39.47,26.32,1.2453996981544784,1.29
87,3.25,0.0,91.67,47.37,21.05,1.1547005383792515,1.39
88,7.08,3.33,88.33,55.26,21.05,1.3165611772087666,1.32
89,5.69,1.67,88.33,55.26,28.95,1.0999438818457408,1.45
90,5.14,3.33,91.67,60.53,21.05,1.2382783747337807,1.42
91,4.17,0.0,90.0,47.37,21.05,1.0954451150103321,1.37
92,9.22,6.67,86.67,39.47,23.68,1.0147544116939422,1.42
93,5.42,5.0,93.33,50.0,10.53,1.164646463130784,1.39
94,6.17,1.67,86.67,44.74,26.32,1.5971914124998499,1.21
95,2.83,0.0,91.67,44.74,23.68,1.1120355514894549,1.37
96,2.22,1.67,96.67,55.26,21.05,0.9309493362512627,1.39
97,4.72,0.0,86.67,65.79,18.42,1.189618639650695,1.42
98,8.61,6.67,88.33,36.84,28.95,1.0999438818457405,1.32
99,5.97,3.33,90.0,47.37,31.58,1.135755620017954,1.21
100,3.39,1.67,93.33,42.11,21.05,1.1832159566199232,1.34
101,2.5,0.0,93.33,68.42,26.32,1.0926470386270253,1.29
102,7.5,5.0,88.33,68.42,28.95,0.9938079899999065,1.39
103,5.56,3.33,91.67,50.0,21.05,1.3165611772087666,1.24
104,3.33,1.67,93.33,73.68,31.58,1.4079234782863943,1.21
105,2.83,1.67,95.0,57.89,31.58,1.5384615384615385,1.26
106,4.86,1.67,90.0,42.11,23.68,1.048185114039356,1.34
107,7.22,3.33,86.67,60.53,15.79,0.81967981553775,1.34
108,3.53,1.67,91.67,71.05,26.32,1.273753892866215,1.32
109,10.56,5.0,78.33,55.26,31.58,1.2015768732164085,1.39
110,2.14,0.0,93.33,73.68,34.21,1.673320053068151,1.24
111,3.06,1.67,93.33,60.53,26.32,1.0594569267279519,1.37
112,7.22,5.0,90.0,50.0,26.32,1.0251928638862375,1.34
113,5.94,3.33,88.33,52.63,28.95,0.9938079899999065,1.42
114,5.75,5.0,91.67,63.16,23.68,1.2575574157800324,1.34
115,7.75,5.0,86.67,50.0,21.05,1.2909944487358056,1.24
116,7.78,5.0,86.67,65.79,21.05,1.390443574307614,1.34
117,6.25,3.33,88.33,57.89,26.32,1.2163847404233146,1.32
118,3.06,1.67,95.0,42.11,15.79,0.9270248108869579,1.37
119,3.19,1.67,93.33,50.0,23.68,0.9801841657621997,1.24
120,3.33,1.67,95.0,63.16,28.95,1.3425606637327303,1.32
121,5.89,3.33,90.0,55.26,23.68,1.048185114039356,1.34
122,5.83,3.33,90.0,50.0,26.32,1.2163847404233143,1.34
123,9.72,6.67,85.0,47.37,15.79,1.4306903927824497,1.37
124,4.78,1.67,90.0,42.11,18.42,0.9135356295810512,1.37
125,8.25,5.0,85.0,52.63,23.68,1.112035551489455,1.29
126,3.47,1.67,93.33,47.37,23.68,1.0147544116939422,1.37
127,8.67,6.67,88.33,50.0,26.32,1.1561724325884748,1.26
128,3.47,1.67,93.33,50.0,23.68,1.1426235535021305,1.37
129,3.47,1.67,93.33,55.26,18.42,1.0139505577743038,1.42
130,6.25,5.0,91.67,68.42,26.32,1.1866605518454394,1.21
131,4.58,3.33,91.67,52.63,21.05,1.0645812948447542,1.32
132,7.64,5.0,88.33,50.0,26.32,1.5518257844571737,1.24
133,3.25,1.67,93.33,47.37,18.42,1.1621860344936659,1.32
134,3.75,1.67,93.33,39.47,26.32,1.2453996981544784,1.34
135,5.56,1.67,86.67,57.89,31.58,1.4079234782863943,1.24
136,6.72,5.0,90.0,47.37,28.95,1.3146843962443593,1.32
137,7.22,5.0,88.33,52.63,28.95,1.5713484026367723,1.21
138,6.08,3.33,88.33,52.63,21.05,1.4605934866804429,1.29
139,6.58,3.33,86.67,39.47,28.95,1.6405358955814888,1.29
140,9.5,5.0,81.67,47.37,18.42,1.0756988387440687,1.37
141,1.44,0.0,95.0,42.11,23.68,1.112035551489455,1.34
142,6.11,3.33,90.0,50.0,28.95,1.8121673811444543,1.24
143,1.58,0.0,95.0,55.26,36.84,1.2583057392117916,1.29
144,4.64,0.0,86.67,47.37,23.68,0.9070997543424764,1.34
145,2.64,1.67,95.0,42.11,26.32,1.1561724325884748,1.32
146,10.14,6.67,83.33,50.0,21.05,1.1547005383792515,1.37
147,3.67,1.67,91.67,50.0,34.21,1.2328828005937953,1.37
148,5.0,3.33,91.67,60.53,31.58,1.5876744185038687,1.21
149,8.25,5.0,85.0,44.74,21.05,1.0954451150103321,1.32
150,7.22,5.0,90.0,52.63,26.32,1.3286482312670198,1.26
151,6.11,3.33,88.33,39.47,26.32,1.3014905113063284,1.34
152,4.03,1.67,91.67,42.11,26.32,1.355261854357877,1.39
153,4.86,1.67,90.0,52.63,34.21,1.4142135623730951,1.32
154,8.89,5.0,85.0,47.37,13.16,1.1134044285378082,1.29
155,7.08,5.0,88.33,36.84,31.58,1.1691295502746666,1.21
156,2.78,1.67,95.0,31.58,18.42,1.2164327506428905,1.34
157,3.94,1.67,90.0,44.74,34.21,1.5748015748023623,1.34
158,6.72,3.33,85.0,57.89,26.32,1.2453996981544782,1.24
159,2.64,1.67,95.0,55.26,18.42,0.9816209067550282,1.34
160,3.89,1.67,93.33,52.63,28.95,1.1967032904743342,1.29
161,3.94,1.67,91.67,68.42,28.95,1.2570787221094177,1.32
162,6.11,3.33,88.33,57.89,28.95,1.1967032904743342,1.37
163,8.11,5.0,86.67,42.11,21.05,1.0645812948447542,1.37
164,3.11,0.0,91.67,57.89,18.42,1.1896186396506951,1.29
165,2.78,0.0,93.33,36.84,21.05,1.390443574307614,1.29
166,5.75,0.0,83.33,52.63,26.32,1.273753892866215,1.32
167,3.75,1.67,93.33,42.11,23.68,1.3372909951493324,1.34
168,9.58,3.33,80.0,36.84,26.32,1.3813628289866942,1.24
169,5.97,3.33,90.0,57.89,18.42,1.1621860344936659,1.32
170,2.92,0.0,91.67,44.74,23.68,1.4367356314482522,1.34
171,9.03,6.67,86.67,52.63,21.05,1.2909944487358056,1.32
172,6.67,3.33,88.33,52.63,15.79,0.81967981553775,1.29
173,9.22,5.0,83.33,57.89,31.58,1.294046449327748,1.26
174,6.39,3.33,88.33,57.89,21.05,1.0327955589886444,1.34
175,4.44,1.67,90.0,50.0,26.32,1.2453996981544782,1.37
176,7.92,3.33,85.0,36.84,21.05,1.2909944487358056,1.39
177,4.92,1.67,90.0,71.05,21.05,1.2110601416389966,1.29
178,3.75,1.67,93.33,50.0,23.68,1.1426235535021305,1.34
179,10.47,8.33,85.0,50.0,15.79,1.1388041973930374,1.26
180,4.22,1.67,90.0,50.0,13.16,0.9359663764533637,1.37
181,2.0,1.67,96.67,52.63,21.05,1.2649110640673518,1.39
182,6.25,3.33,90.0,68.42,15.79,1.2686114456365274,1.34
183,3.61,0.0,90.0,36.84,18.42,1.1621860344936659,1.39
184,9.72,5.0,83.33,55.26,31.58,1.6817854699288803,1.26
185,5.97,3.33,90.0,57.89,26.32,0.9529760045804525,1.37
186,3.33,0.0,91.67,36.84,26.32,1.4811743823805517,1.32
187,10.0,8.33,88.33,73.68,23.68,1.112035551489455,1.42
188,5.61,3.33,90.0,52.63,18.42,1.1052801096136655,1.32
189,7.78,5.0,85.0,36.84,31.58,1.6354070481130232,1.13
190,6.11,3.33,88.33,44.74,31.58,1.1013708510212579,1.26
191,3.19,0.0,91.67,57.89,21.05,1.3165611772087666,1.29
192,6.22,5.0,90.0,57.89,23.68,1.112035551489455,1.29
193,3.06,0.0,91.67,42.11,26.32,1.3014905113063286,1.29
194,6.58,3.33,86.67,50.0,23.68,1.7406109605688223,1.26
195,3.58,1.67,91.67,39.47,31.58,1.3234346564680965,1.24
196,4.72,1.67,90.0,55.26,28.95,1.030402055055078,1.45
197,2.22,0.0,93.33,50.0,26.32,1.6413036132965795,1.29
198,7.64,5.0,88.33,47.37,28.95,1.3966450099973928,1.26
199,10.06,6.67,85.0,42.11,23.68,1.2298313448363454,1.18
200,5.14,1.67,90.0,57.89,26.32,0.9897433186107871,1.24
201,7.5,3.33,85.0,60.53,28.95,1.0999438818457405,1.29
202,4.5,3.33,91.67,47.37,15.79,1.0825317547305484,1.42
203,2.06,0.0,91.67,50.0,28.95,1.4740554623801776,1.26
204,2.22,0.0,95.0,60.53,23.68,1.2846852420825625,1.39
205,7.08,5.0,88.33,57.89,21.05,1.2909944487358056,1.21
206,5.97,3.33,90.0,65.79,31.58,1.2331707339908768,1.32
207,4.03,1.67,91.67,52.63,31.58,1.294046449327748,1.26
208,2.22,0.0,91.67,63.16,21.05,1.0645812948447542,1.26
209,3.67,1.67,93.33,42.11,21.05,0.9309493362512627,1.29
210,8.19,5.0,86.67,52.63,28.95,1.1653431646335017,1.45
211,4.17,0.0,88.33,78.95,26.32,1.3014905113063284,1.34
212,3.89,1.67,93.33,60.53,28.95,1.3698697784375502,1.34
213,9.03,6.67,86.67,50.0,15.79,1.192424001771182,1.39
214,2.78,0.0,91.67,50.0,28.95,1.227262335243029,1.32
215,8.33,5.0,85.0,42.11,26.32,1.3813628289866942,1.18
216,9.58,5.0,81.67,39.47,18.42,1.0139505577743038,1.42
217,3.06,0.0,93.33,68.42,26.32,1.7467170372339265,1.21
218,2.56,0.0,91.67,55.26,23.68,0.9070997543424764,1.24
219,3.33,1.67,93.33,42.11,28.95,1.594744454934147,1.26
220,3.89,1.67,91.67,52.63,34.21,1.7435595774162693,1.18
221,7.08,5.0,90.0,57.89,21.05,1.0954451150103321,1.29
222,3.06,1.67,95.0,63.16,23.68,0.9070997543424764,1.34
223,8.06,5.0,86.67,60.53,42.11,1.9582417480489105,1.24
224,4.86,1.67,90.0,44.74,26.32,1.64130361329658,1.34
225,3.67,1.67,91.67,50.0,26.32,1.4811743823805517,1.29
226,6.39,3.33,90.0,55.26,26.32,1.1561724325884748,1.39
227,9.36,3.33,80.0,47.37,34.21,1.296148139681572,1.37
228,4.03,1.67,91.67,63.16,18.42,1.0452807578077195,1.32
229,10.0,5.0,81.67,55.26,31.58,1.4876215081395168,1.32
230,11.25,8.33,85.0,55.26,28.95,1.257078722109418,1.24
231,5.83,3.33,90.0,34.21,15.79,1.0231690964840563,1.37
232,4.03,1.67,91.67,57.89,21.05,1.0,1.39
233,1.17,0.0,96.67,42.11,28.95,1.4229164972072998,1.34
234,4.92,1.67,88.33,52.63,23.68,1.048185114039356,1.47
235,5.89,1.67,86.67,50.0,26.32,1.0926470386270253,1.34
236,10.69,8.33,83.33,44.74,34.21,1.3266499161421599,1.34
237,4.56,1.67,90.0,44.74,23.68,1.2575574157800324,1.39
238,7.64,5.0,88.33,57.89,23.68,1.1426235535021305,1.37
239,1.67,1.67,98.33,47.37,26.32,1.505093393264677,1.37
240,10.83,8.33,83.33,42.11,23.68,1.1724137931034484,1.26
241,6.58,3.33,88.33,39.47,21.05,0.8563488385776752,1.5
242,4.17,0.0,88.33,42.11,23.68,1.6173847447666996,1.29
243,7.08,5.0,90.0,57.89,31.58,1.1013708510212579,1.34
244,2.22,1.67,96.67,57.89,28.95,1.4740554623801778,1.26
245,5.47,1.67,88.33,44.74,31.58,1.3234346564680965,1.32
246,3.67,1.67,91.67,39.47,23.68,1.2298313448363454,1.32
247,6.58,5.0,90.0,36.84,28.95,1.547598697464902,1.32
248,7.0,3.33,86.67,47.37,21.05,1.2110601416389966,1.32
249,8.03,3.33,83.33,44.74,21.05,1.0954451150103321,1.26
250,3.75,1.67,93.33,26.32,34.21,1.8973665961010275,1.21
251,5.0,3.33,93.33,60.53,26.32,1.4811743823805514,1.24
252,6.17,3.33,88.33,39.47,34.21,1.3856406460551016,1.29
253,4.83,3.33,91.67,44.74,23.68,1.2298313448363454,1.42
254,5.42,1.67,86.67,52.63,18.42,1.0139505577743038,1.42
255,7.08,3.33,86.67,52.63,28.95,1.4229164972072998,1.18
256,7.78,6.67,90.0,57.89,23.68,1.2575574157800322,1.29
257,6.81,5.0,88.33,60.53,18.42,1.3182462414001643,1.26
258,9.28,5.0,81.67,47.37,26.32,1.4321384039831015,1.34
259,2.92,0.0,93.33,50.0,28.95,1.4229164972072998,1.32
260,6.94,3.33,86.67,36.84,23.68,1.1426235535021305,1.32
261,2.08,0.0,95.0,42.11,31.58,1.3803352649943357,1.26
262,7.78,5.0,86.67,47.37,31.58,1.6354070481130232,1.26
263,1.94,0.0,95.0,60.53,28.95,1.257078722109418,1.34
264,5.69,3.33,90.0,52.63,26.32,1.273753892866215,1.34
265,4.36,1.67,88.33,52.63,21.05,1.2909944487358056,1.39
266,7.0,3.33,85.0,55.26,31.58,1.587674418503869,1.39
267,5.97,5.0,91.67,42.11,28.95,0.9938079899999065,1.34
268,4.83,3.33,90.0,57.89,36.84,1.8257418583505538,1.29
269,4.5,1.67,90.0,47.37,26.32,1.381362828986694,1.26
270,1.39,0.0,96.67,60.53,26.32,1.2453996981544784,1.24
271,6.39,3.33,86.67,52.63,26.32,1.2453996981544784,1.26
272,7.56,3.33,83.33,55.26,36.84,1.5545631755148024,1.24
273,6.31,1.67,86.67,63.16,34.21,1.414213562373095,1.26
274,1.94,0.0,93.33,50.0,26.32,1.3813628289866942,1.29
275,3.33,1.67,93.33,60.53,21.05,1.505545305418162,1.34
276,5.42,1.67,88.33,55.26,42.11,1.5719651332536893,1.21
277,9.22,5.0,83.33,36.84,31.58,1.8138194034694763,1.29
278,5.83,5.0,93.33,57.89,26.32,1.2737538928662149,1.32
279,5.83,3.33,88.33,76.32,28.95,1.7069212773041351,1.24
280,8.75,5.0,85.0,57.89,26.32,1.273753892866215,1.42
281,1.39,0.0,95.0,44.74,26.32,1.4568627181693672,1.29
282,7.22,5.0,88.33,44.74,28.95,1.6850834320114556,1.13
283,3.89,1.67,91.67,68.42,34.21,1.296148139681572,1.37
284,8.81,6.67,85.0,50.0,39.47,2.058685322043776,1.18
285,6.39,5.0,91.67,55.26,31.58,1.611717449212074,1.18
286,6.67,1.67,85.0,42.11,28.95,1.1331154474650633,1.29
287,7.22,6.67,91.67,52.63,23.68,1.2575574157800324,1.39
288,7.28,3.33,86.67,39.47,26.32,1.1866605518454394,1.37
289,4.44,3.33,93.33,34.21,26.32,1.3014905113063284,1.32
290,2.5,1.67,96.67,52.63,21.05,1.390443574307614,1.29
291,8.47,5.0,85.0,52.63,34.21,1.5491933384829668,1.18
292,9.64,6.67,85.0,52.63,18.42,1.4127411897069797,1.39
293,9.78,5.0,83.33,44.74,21.05,1.1254628677422756,1.29
294,3.11,0.0,90.0,65.79,26.32,1.355261854357877,1.32
295,2.22,0.0,95.0,31.58,31.58,1.4349813927828945,1.24
296,4.58,3.33,93.33,44.74,34.21,1.0954451150103321,1.29
297,5.61,3.33,88.33,63.16,31.58,1.6587583579113714,1.24
298,7.19,1.67,81.67,52.63,21.05,1.1832159566199232,1.32
299,5.97,1.67,86.67,55.26,15.79,0.8926785535678563,1.32
300,4.72,3.33,91.67,65.79,44.74,1.2453996981544782,1.26
301,7.78,5.0,86.67,60.53,23.68,1.2014656131161618,1.32
302,6.81,5.0,90.0,57.89,23.68,1.1724137931034482,1.37
303,6.11,3.33,90.0,65.79,28.95,1.3698697784375504,1.18
304,5.42,5.0,93.33,60.53,28.95,1.4487116456005886,1.34
305,12.33,10.0,83.33,52.63,31.58,0.72160242458822,1.29
306,4.64,0.0,85.0,50.0,26.32,1.3286482312670198,1.29
307,6.67,5.0,91.67,63.16,36.84,1.5275252316519468,1.26
308,5.83,3.33,91.67,63.16,31.58,1.3803352649943355,1.32
309,11.25,5.0,76.67,65.79,21.05,1.0954451150103321,1.39
310,5.97,3.33,90.0,63.16,28.95,1.1653431646335017,1.42
311,5.42,1.67,86.67,39.47,26.32,1.4568627181693672,1.29
312,7.97,5.0,86.67,57.89,28.95,1.4740554623801778,1.32
313,6.81,5.0,90.0,73.68,18.42,1.0452807578077192,1.24
314,3.33,1.67,95.0,63.16,23.68,1.2298313448363454,1.32
315,6.72,1.67,85.0,73.68,28.95,1.4229164972072998,1.32
316,7.97,6.67,88.33,60.53,34.21,1.4142135623730951,1.29
317,6.39,3.33,88.33,60.53,28.95,1.3966450099973928,1.34
318,5.14,1.67,88.33,68.42,36.84,1.707825127659933,1.24
319,2.92,0.0,91.67,42.11,31.58,1.3521842947113034,1.26
320,4.03,1.67,91.67,50.0,28.95,1.1653431646335017,1.39
321,3.33,1.67,95.0,55.26,23.68,1.1426235535021305,1.37
322,4.14,1.67,90.0,65.79,28.95,1.0999438818457405,1.29
323,4.58,1.67,90.0,78.95,28.95,1.3425606637327303,1.26
324,5.14,0.0,86.67,68.42,28.95,1.286204100310025,1.24
325,6.44,5.0,90.0,44.74,21.05,1.390443574307614,1.29
326,4.58,0.0,85.0,47.37,31.58,1.2639751327042297,1.18
327,5.42,5.0,93.33,57.89,26.32,1.1561724325884748,1.34
328,9.92,5.0,81.67,57.89,31.58,1.6587583579113714,1.32
329,4.72,3.33,91.67,55.26,18.42,1.2164327506428905,1.34
330,2.92,1.67,95.0,57.89,31.58,1.4349813927828945,1.29
331,13.06,8.33,80.0,60.53,39.47,1.882161810601162,1.21
332,5.06,1.67,88.33,42.11,31.58,1.2331707339908766,1.26
333,5.42,1.67,90.0,60.53,21.05,1.2909944487358056,1.26
334,4.17,3.33,95.0,55.26,28.95,1.498970840359116,1.21
335,2.78,1.67,95.0,47.37,31.58,1.294046449327748,1.32
336,5.97,5.0,91.67,65.79,31.58,1.5632616486847366,1.34
337,11.25,8.33,81.67,50.0,34.21,1.7888543819998315,1.24
338,3.75,3.33,95.0,68.42,31.58,1.611717449212074,1.26
339,4.44,1.67,91.67,42.11,23.68,1.4367356314482522,1.34
340,7.78,5.0,88.33,73.68,21.05,1.2382783747337807,1.26
341,7.28,3.33,86.67,47.37,28.95,1.571348402636772,1.32
342,7.42,5.0,88.33,55.26,31.58,1.4615384615384615,1.26
343,4.17,1.67,91.67,52.63,34.21,1.5491933384829668,1.18
344,6.44,3.33,86.67,65.79,23.68,1.4125309757423479,1.32
345,5.0,3.33,93.33,63.16,36.84,1.5,1.21
346,4.17,3.33,95.0,34.21,34.21,1.2328828005937953,1.34
347,6.94,5.0,90.0,55.26,34.21,1.5231546211727816,1.21
348,1.17,0.0,96.67,47.37,28.95,1.3425606637327303,1.26
349,5.83,0.0,83.33,39.47,23.68,1.1426235535021305,1.32
350,8.89,6.67,86.67,68.42,31.58,1.4079234782863943,1.37
351,4.44,1.67,90.0,52.63,26.32,1.5746719775034717,1.29
352,5.56,3.33,91.67,50.0,34.21,1.385640646055102,1.34
353,5.0,5.0,95.0,50.0,31.58,1.3234346564680965,1.32
354,5.97,3.33,88.33,52.63,26.32,1.0926470386270253,1.26
355,8.75,5.0,85.0,42.11,36.84,1.3228756555322954,1.18
356,6.58,1.67,83.33,60.53,28.95,1.5713484026367723,1.32
357,6.11,1.67,88.33,84.21,26.32,1.355261854357877,1.24
358,3.06,1.67,95.0,52.63,31.58,1.3803352649943357,1.34
359,4.44,1.67,91.67,52.63,28.95,1.3698697784375504,1.24
360,8.19,5.0,86.67,57.89,28.95,1.5234788000891208,1.24
361,4.72,1.67,88.33,57.89,23.68,1.2846852420825625,1.37
362,5.89,3.33,88.33,39.47,28.95,1.1967032904743342,1.24
363,6.39,3.33,90.0,68.42,34.21,1.4422205101855958,1.32
364,6.94,1.67,86.67,68.42,28.95,1.547598697464902,1.21
365,2.78,0.0,91.67,60.53,36.84,1.7795130420052185,1.24
366,2.36,0.0,93.33,57.89,18.42,1.0139505577743038,1.39
367,6.25,1.67,86.67,55.26,28.95,1.314684396244359,1.39
368,2.78,0.0,91.67,52.63,36.84,1.2583057392117916,1.32
369,8.11,5.0,85.0,57.89,31.58,2.266295363485575,1.16
370,6.94,5.0,90.0,52.63,36.84,1.7559422921421233,1.24
371,1.81,0.0,95.0,57.89,36.84,1.4719601443879744,1.16
372,6.39,3.33,86.67,60.53,36.84,1.6583123951777,1.26
373,3.53,0.0,90.0,76.32,34.21,1.7663521732655691,1.13
374,5.97,5.0,91.67,60.53,36.84,1.4719601443879744,1.26
375,6.39,3.33,88.33,63.16,28.95,1.1967032904743342,1.37
376,3.33,1.67,95.0,63.16,23.68,1.4605392127274048,1.34
377,3.89,1.67,93.33,68.42,36.84,1.5275252316519468,1.24
378,4.83,1.67,90.0,55.26,34.21,1.6970562748477138,1.24
379,2.5,1.67,95.0,55.26,36.84,1.8929694486000912,1.18
380,3.33,1.67,95.0,60.53,34.21,1.4966629547095764,1.29
381,6.53,3.33,88.33,50.0,23.68,1.2846852420825625,1.29
382,6.81,3.33,86.67,63.16,39.47,1.3101321020277708,1.26
383,7.08,3.33,88.33,44.74,18.42,1.3424936804312781,1.39
384,3.11,1.67,93.33,68.42,34.21,1.8110770276274832,1.29
385,6.81,5.0,90.0,47.37,28.95,1.257078722109418,1.32
386,7.78,5.0,88.33,52.63,31.58,1.4876215081395168,1.26
387,8.19,3.33,85.0,55.26,31.58,1.2331707339908766,1.18
388,8.72,3.33,81.67,57.89,28.95,1.4229164972072998,1.34
389,5.0,5.0,95.0,65.79,31.58,1.587674418503869,1.34
390,4.78,3.33,91.67,57.89,34.21,1.3564659966250538,1.32
391,1.39,0.0,96.67,52.63,26.32,1.1866605518454396,1.5
392,6.25,1.67,86.67,39.47,28.95,1.4487116456005886,1.18
393,3.31,0.0,88.33,57.89,34.21,1.6,1.24
394,2.36,0.0,93.33,50.0,23.68,1.1426235535021303,1.37
395,5.67,0.0,83.33,65.79,23.68,1.3879042618964212,1.32
396,6.67,1.67,86.67,55.26,34.21,1.6,1.32
397,5.19,1.67,88.33,57.89,42.11,1.8873217720024267,1.08
398,10.67,8.33,83.33,47.37,39.47,1.738043138374494,1.18
399,1.81,0.0,95.0,39.47,21.05,1.390443574307614,1.29
400,7.97,5.0,86.67,36.84,34.21,1.6970562748477138,1.21
401,5.14,0.0,88.33,47.37,28.95,1.227262335243029,1.29
402,4.31,1.67,91.67,60.53,42.11,1.8873217720024267,1.24
403,1.72,0.0,95.0,50.0,34.21,1.649242250247064,1.26
404,0.42,0.0,98.33,65.79,28.95,1.4229164972072998,1.37
405,6.25,1.67,86.67,55.26,28.95,1.6629588385661958,1.21
406,5.0,1.67,90.0,55.26,23.68,1.2298313448363454,1.39
407,7.5,3.33,86.67,60.53,39.47,1.7628812984968079,1.24
408,6.17,3.33,88.33,44.74,42.11,1.4517017656973918,1.24
409,5.47,3.33,90.0,50.0,44.74,2.493529040302104,1.05
410,4.31,0.0,88.33,57.89,34.21,1.5999999999999999,1.24
411,4.03,1.67,90.0,57.89,42.11,1.8873217720024265,1.26
412,8.47,3.33,85.0,42.11,36.84,1.9364916731037085,1.13
413,8.19,3.33,83.33,50.0,26.32,1.2453996981544784,1.29
414,9.14,6.67,85.0,63.16,31.58,1.6817854699288806,1.26
415,6.94,5.0,90.0,50.0,28.95,1.3146843962443593,1.37
416,8.89,6.67,88.33,39.47,31.58,1.2331707339908766,1.24
417,5.94,1.67,86.67,55.26,21.05,1.390443574307614,1.21
418,4.58,1.67,90.0,63.16,34.21,1.5231546211727818,1.32
419,6.11,1.67,85.0,55.26,26.32,1.3014905113063286,1.37
420,8.47,5.0,86.67,60.53,34.21,1.7888543819998315,1.21
421,7.28,3.33,85.0,55.26,31.58,1.6587583579113714,1.24
422,10.28,8.33,85.0,44.74,36.84,2.0207259421636903,1.24
423,9.36,6.67,85.0,52.63,34.21,1.3856406460551018,1.26
424,5.14,1.67,88.33,55.26,31.58,1.587674418503869,1.26
425,7.78,5.0,88.33,44.74,44.74,1.9587584572574415,1.21
426,11.03,5.0,76.67,68.42,36.84,1.848422751068236,1.32
427,5.28,1.67,88.33,57.89,34.21,1.296148139681572,1.32
428,9.22,5.0,85.0,47.37,31.58,1.8763555257923799,1.21
429,13.33,10.0,81.67,65.79,23.68,1.874162516096716,1.21
430,5.11,1.67,88.33,50.0,44.74,1.6120296076010243,1.26
431,10.14,8.33,86.67,44.74,34.21,1.7888543819998315,1.24
432,5.83,3.33,91.67,76.32,44.74,1.8331787195162055,1.08
433,10.06,6.67,83.33,60.53,42.11,1.9112541856026035,1.24
434,2.92,0.0,91.67,44.74,34.21,1.9390719429665315,1.18
435,2.64,1.67,95.0,42.11,42.11,1.8630819574471997,1.16
436,7.89,5.0,85.0,65.79,31.58,1.6817854699288803,1.21
437,3.58,1.67,91.67,47.37,21.05,1.4375905768565218,1.24
438,5.83,3.33,90.0,57.89,42.11,2.004127971368055,1.26
439,2.0,1.67,96.67,55.26,31.58,1.6354070481130232,1.29
440,4.31,1.67,91.67,50.0,34.21,1.8973665961010275,1.16
441,8.06,6.67,90.0,57.89,26.32,1.8653664081715138,1.29
442,6.39,3.33,88.33,57.89,42.11,1.7368157431402544,1.18
443,2.42,0.0,93.33,42.11,42.11,2.1570564577644857,1.18
444,10.28,3.33,80.0,44.74,36.84,1.707825127659933,1.29
445,8.47,3.33,81.67,57.89,36.84,1.7559422921421233,1.24
446,4.86,3.33,91.67,63.16,34.21,1.7663521732655691,1.29
447,6.39,3.33,88.33,47.37,23.68,1.1724137931034484,1.32
448,5.0,3.33,93.33,52.63,36.84,1.8929694486000912,1.21
449,4.78,1.67,88.33,44.74,34.21,1.32664991614216,1.24
450,8.61,5.0,86.67,55.26,34.21,1.5231546211727818,1.24
451,8.19,5.0,86.67,52.63,34.21,1.5231546211727816,1.18
452,8.25,6.67,88.33,60.53,36.84,1.707825127659933,1.26
453,8.72,3.33,78.33,63.16,31.58,1.4079234782863943,1.21
454,5.89,1.67,86.67,60.53,39.47,1.4061705764170636,1.26
455,4.44,3.33,93.33,73.68,31.58,1.8138194034694763,1.16
456,4.03,0.0,88.33,47.37,31.58,1.4615384615384617,1.21
457,7.64,3.33,85.0,71.05,44.74,1.9829202679673343,1.16
458,8.06,5.0,86.67,71.05,31.58,1.2639751327042297,1.29
459,5.97,3.33,90.0,63.16,39.47,1.762881298496808,1.24
460,7.64,5.0,88.33,57.89,39.47,1.4061705764170636,1.29
461,7.08,3.33,86.67,65.79,36.84,1.4719601443879744,1.26
462,1.67,1.67,98.33,52.63,39.47,1.6349213632141886,1.21
463,11.94,8.33,81.67,57.89,31.58,1.635407048113023,1.24
464,4.72,3.33,91.67,50.0,34.21,1.5748015748023623,1.18
465,7.28,3.33,86.67,47.37,42.11,2.4155145919248038,1.24
466,6.81,3.33,86.67,47.37,34.21,2.1908902300206643,1.21
467,8.75,6.67,86.67,55.26,34.21,1.4422205101855958,1.26
468,1.39,0.0,96.67,39.47,39.47,1.7128448350949748,1.13
469,7.22,5.0,90.0,50.0,34.21,1.7204650534085253,1.18
470,4.92,3.33,91.67,47.37,36.84,1.8708286933869707,1.21
471,6.39,1.67,86.67,50.0,36.84,1.5275252316519468,1.24
472,6.25,1.67,85.0,50.0,39.47,2.1617048512445303,1.21
473,5.0,0.0,86.67,63.16,26.32,1.2163847404233146,1.26
474,8.47,6.67,88.33,73.68,36.84,1.7320508075688772,1.29
475,8.11,5.0,85.0,39.47,34.21,1.7888543819998315,1.21
476,9.58,5.0,83.33,50.0,39.47,1.7128448350949748,1.13
477,9.31,5.0,85.0,50.0,36.84,1.707825127659933,1.18
478,6.81,5.0,90.0,63.16,36.84,1.5,1.05
479,4.31,1.67,91.67,65.79,28.95,1.4740554623801776,1.32
480,9.92,5.0,81.67,52.63,36.84,1.7559422921421233,1.24
481,1.44,0.0,95.0,60.53,42.11,2.1144915181114556,1.18
482,2.14,0.0,93.33,60.53,31.58,1.3521842947113034,1.34
483,4.72,1.67,88.33,68.42,28.95,1.8121673811444543,1.18
484,5.83,3.33,90.0,52.63,34.21,1.979898987322333,1.21
485,3.81,1.67,91.67,57.89,34.21,2.172556098240043,1.16
486,9.78,6.67,85.0,63.16,42.11,1.6006197146962733,1.24
487,2.22,0.0,95.0,39.47,36.84,1.632993161855452,1.32
488,7.78,3.33,85.0,47.37,36.84,2.4324199198877374,1.16
489,4.58,1.67,90.0,63.16,34.21,1.6,1.21
490,1.31,0.0,95.0,36.84,28.95,1.6850834320114556,1.21
491,8.47,6.67,88.33,65.79,36.84,1.8929694486000912,1.18
492,4.56,1.67,88.33,76.32,36.84,1.6072751268321592,1.32
493,5.47,1.67,86.67,50.0,31.58,1.6817854699288806,1.18
494,6.5,3.33,88.33,42.11,23.68,1.311251954609072,1.24
495,2.36,0.0,93.33,36.84,34.21,1.5748015748023623,1.21
496,2.5,1.67,96.67,55.26,42.11,1.9112541856026033,1.13
497,3.75,0.0,90.0,39.47,28.95,1.8525924445036739,1.18
498,2.61,0.0,91.67,52.63,28.95,1.4989708403591155,1.24
499,1.67,0.0,96.67,39.47,26.32,1.4069796859708723,1.26
500,5.75,1.67,86.67,55.26,26.32,1.0251928638862373,1.29
501,6.81,3.33,86.67,47.37,26.32,1.5971914124998499,1.24
502,2.0,0.0,95.0,57.89,26.32,1.3014905113063286,1.34
503,5.53,3.33,88.33,68.42,44.74,1.7804684853180874,1.08
504,5.47,3.33,88.33,50.0,36.84,2.29128784747792,1.18
505,4.58,1.67,90.0,60.53,39.47,2.079697520539373,1.26
506,12.08,6.67,80.0,39.47,39.47,1.5248415579782766,1.37
507,3.67,1.67,91.67,36.84,42.11,2.071051954526276,1.11
508,9.03,6.67,86.67,57.89,42.11,2.5793201743838376,1.13
509,6.39,5.0,91.67,73.68,36.84,1.224744871391589,1.34
510,7.22,3.33,86.67,63.16,36.84,1.6832508230603465,1.16
511,10.0,8.33,86.67,63.16,34.21,1.4966629547095767,1.26
512,3.47,0.0,91.67,68.42,34.21,2.116601048851672,1.11
513,4.0,3.33,93.33,44.74,39.47,2.5322121354019194,1.16
514,3.94,1.67,90.0,47.37,34.21,1.8761663039293717,1.13
515,5.28,1.67,90.0,50.0,42.11,1.7104443383842527,1.26
516,2.0,1.67,96.67,55.26,31.58,1.4349813927828945,1.26
517,6.5,3.33,86.67,42.11,36.84,2.0,1.16
518,6.81,3.33,86.67,39.47,31.58,1.4349813927828947,1.29
519,7.5,3.33,85.0,47.37,26.32,2.012714686229339,1.21
520,4.42,1.67,90.0,50.0,36.84,2.160246899469287,1.24
521,7.5,6.67,91.67,42.11,28.95,1.4740554623801778,1.16
522,5.14,1.67,88.33,52.63,34.21,1.6,1.24
523,3.67,3.33,95.0,60.53,36.84,1.9148542155126762,1.13
524,8.89,5.0,85.0,31.58,31.58,1.5132550440696926,1.24
525,5.47,1.67,88.33,57.89,39.47,1.8115362309564917,1.16
526,9.31,3.33,81.67,52.63,34.21,1.3266499161421599,1.24
527,7.14,5.0,86.67,63.16,39.47,1.882161810601162,1.26
528,8.89,5.0,83.33,68.42,42.11,2.0489868490153897,1.18
529,7.56,3.33,85.0,47.37,44.74,1.6120296076010243,1.24
530,7.69,5.0,86.67,47.37,47.37,1.8973665961010275,1.24
531,8.75,5.0,83.33,60.53,31.58,1.5632616486847366,1.26
532,5.28,3.33,90.0,63.16,34.21,1.7888543819998315,1.18
533,2.78,1.67,95.0,47.37,39.47,2.3170282772998654,1.24
534,8.25,3.33,83.33,44.74,28.95,1.2570787221094177,1.24
535,8.06,5.0,86.67,60.53,39.47,2.354258499248849,1.13
536,10.33,3.33,78.33,68.42,42.11,2.1144915181114556,1.11
537,7.33,3.33,83.33,42.11,31.58,1.855744320279203,1.24
538,10.28,6.67,85.0,36.84,42.11,2.198797567717786,1.11
539,7.5,3.33,85.0,81.58,44.74,1.6413036132965795,1.16
540,6.94,3.33,86.67,44.74,34.21,2.0396078054371136,1.18
541,2.92,1.67,95.0,57.89,36.84,2.273030282830976,1.21
542,5.42,5.0,93.33,68.42,44.74,2.166535841157586,1.08
543,4.42,1.67,90.0,60.53,39.47,1.7380431383744943,1.18
544,10.0,6.67,85.0,78.95,39.47,2.1210975508957333,1.32
545,5.14,3.33,90.0,73.68,31.58,1.7269187938956654,1.26
546,7.14,5.0,88.33,52.63,44.74,2.1884048177287725,1.08
547,4.83,3.33,91.67,50.0,39.47,1.4960565681813265,1.16
548,8.19,3.33,83.33,71.05,34.21,1.7663521732655691,1.32
549,9.03,5.0,83.33,57.89,47.37,2.6267851073127395,0.97
550,5.14,3.33,91.67,52.63,36.84,2.041241452319315,1.18
551,4.31,1.67,91.67,57.89,39.47,1.6613020151776348,1.24
552,5.53,3.33,88.33,71.05,34.21,1.5999999999999999,1.13
553,3.33,0.0,91.67,52.63,44.74,2.9323436796839344,1.11
554,6.94,3.33,86.67,71.05,34.21,2.078460969082653,1.16
555,9.14,3.33,78.33,26.32,36.84,1.9578900207451218,1.11
556,5.56,3.33,90.0,55.26,36.84,2.1213203435596424,1.16
557,1.39,0.0,96.67,57.89,39.47,2.100499535509767,1.24
558,4.69,1.67,88.33,47.37,39.47,2.1004995355097673,1.21
559,7.5,5.0,88.33,57.89,34.21,1.5231546211727816,1.29
560,5.33,3.33,91.67,39.47,39.47,1.9051219391484038,1.18
561,8.75,6.67,88.33,57.89,36.84,1.8257418583505538,1.21
562,7.78,5.0,88.33,55.26,42.11,1.7627926754241197,1.21
563,6.39,3.33,90.0,52.63,34.21,1.8973665961010275,1.18
564,7.08,5.0,88.33,60.53,31.58,1.6817854699288803,1.26
565,9.44,3.33,78.33,65.79,44.74,2.2737783592977756,1.18
566,10.47,6.67,83.33,57.89,42.11,2.2193737483152187,1.18
567,6.67,1.67,86.67,28.95,42.11,2.847356320611968,1.13
568,3.53,0.0,90.0,50.0,39.47,1.8353800799309068,1.21
569,5.47,3.33,90.0,60.53,36.84,1.7795130420052185,1.13
570,7.83,6.67,90.0,50.0,34.21,1.9595917942265424,1.18
571,6.39,1.67,85.0,71.05,36.84,1.6583123951777,1.32
572,8.81,6.67,86.67,42.11,42.11,1.8630819574471997,1.21
573,7.42,3.33,83.33,52.63,42.11,1.8873217720024267,1.16
574,11.67,8.33,83.33,68.42,39.47,2.058685322043776,1.08
575,8.81,5.0,85.0,63.16,34.21,1.9183326093250876,1.21
576,9.17,3.33,81.67,44.74,39.47,1.6872702532115005,1.13
577,10.56,6.67,81.67,47.37,39.47,1.5530931390862395,1.24
578,5.14,3.33,91.67,60.53,31.58,1.5876744185038687,1.32
579,12.28,10.0,81.67,50.0,36.84,1.8257418583505538,1.18
580,6.86,3.33,86.67,65.79,36.84,2.362907813126304,1.11
581,5.97,3.33,88.33,63.16,36.84,1.8027756377319946,1.21
582,4.72,1.67,90.0,50.0,31.58,1.4615384615384617,1.37
583,3.06,1.67,95.0,65.79,39.47,1.5530931390862395,1.24
584,11.72,8.33,80.0,60.53,36.84,2.0207259421636903,1.18
585,2.78,0.0,90.0,39.47,28.95,1.3966450099973928,1.34
586,3.89,3.33,95.0,60.53,44.74,2.188404817728773,1.11
587,3.33,0.0,91.67,73.68,34.21,2.3323807579381204,1.18
588,4.03,1.67,90.0,65.79,36.84,1.4142135623730951,1.37
589,7.5,6.67,91.67,50.0,50.0,2.7388656486858287,1.11
590,7.5,5.0,88.33,57.89,50.0,2.4976443195167732,1.13
591,4.14,0.0,88.33,47.37,31.58,1.8763555257923799,1.18
592,4.86,0.0,88.33,36.84,47.37,1.9748417658131499,1.08
593,6.31,3.33,88.33,55.26,36.84,1.9790570145063195,1.21
594,6.31,3.33,88.33,57.89,42.11,1.7368157431402544,1.29
595,11.39,6.67,80.0,63.16,34.21,1.8761663039293717,1.21
596,4.72,3.33,91.67,55.26,39.47,1.9051219391484036,1.24
597,8.06,3.33,83.33,52.63,44.74,1.9829202679673343,1.21
598,7.64,5.0,88.33,71.05,47.37,1.8708286933869707,1.13
599,5.33,3.33,90.0,36.84,50.0,2.134014203443505,1.16
600,10.75,8.33,83.33,60.53,47.37,2.2135943621178655,1.18
601,2.08,0.0,95.0,57.89,47.37,2.0976176963403033,1.26
602,7.22,3.33,86.67,44.74,42.11,2.071051954526276,1.16
603,3.61,0.0,90.0,81.58,47.37,1.816590212458495,1.18
604,7.28,1.67,81.67,50.0,42.11,2.1358800226310417,1.24
605,6.25,3.33,90.0,57.89,36.84,1.7559422921421233,1.32
606,4.86,1.67,90.0,63.16,31.58,1.658758357911371,1.26
607,9.0,6.67,86.67,71.05,34.21,1.8110770276274832,1.18
608,8.89,5.0,86.67,55.26,28.95,2.0245407953653998,1.24
609,4.44,3.33,93.33,52.63,28.95,1.594744454934147,1.18
610,11.94,8.33,81.67,63.16,39.47,1.9051219391484036,1.24
611,6.67,3.33,88.33,42.11,36.84,2.449489742783178,1.18
612,11.53,5.0,78.33,52.63,42.11,2.2193737483152187,1.13
613,9.31,5.0,83.33,81.58,34.21,1.9183326093250876,1.21
614,14.36,11.67,80.0,60.53,28.95,1.4740554623801776,1.39
615,7.92,5.0,86.67,57.89,31.58,1.8763555257923796,1.26
616,6.31,3.33,88.33,55.26,42.11,1.8873217720024267,1.21
617,4.22,1.67,90.0,71.05,39.47,2.058685322043776,1.18
618,8.33,3.33,81.67,39.47,34.21,1.6970562748477138,1.34
619,4.22,0.0,88.33,68.42,39.47,2.260033290150787,1.11
620,9.58,5.0,81.67,65.79,47.37,2.32379000772445,1.13
621,8.39,3.33,83.33,60.53,34.21,2.0591260281974,1.26
622,4.31,1.67,91.67,55.26,36.84,2.449489742783178,1.08
623,9.22,6.67,85.0,63.16,36.84,1.5,1.21
624,7.22,5.0,90.0,57.89,42.11,1.8385225832869712,1.29
625,9.31,8.33,88.33,60.53,28.95,1.594744454934147,1.34
626,3.19,0.0,91.67,55.26,36.84,2.0816659994661326,1.24
627,1.67,0.0,96.67,71.05,44.74,1.958758457257441,1.21
628,6.17,1.67,85.0,73.68,52.63,1.8856180831641267,1.21
629,6.72,1.67,85.0,57.89,44.74,1.8589734567564888,1.21
630,8.53,3.33,80.0,68.42,42.11,1.7104443383842527,1.21
631,8.33,6.67,88.33,65.79,42.11,2.004127971368055,1.24
632,9.58,6.67,83.33,55.26,44.74,2.2946254863155726,1.08
633,14.31,8.33,76.67,57.89,39.47,1.6872702532115003,1.18
634,6.25,3.33,90.0,55.26,36.84,1.9790570145063195,1.21
635,9.78,3.33,80.0,71.05,34.21,2.209072203437452,1.08
636,4.72,3.33,91.67,50.0,23.68,1.574167201450114,1.13
637,9.44,5.0,81.67,60.53,42.11,2.2193737483152187,1.13
638,5.83,3.33,88.33,63.16,36.84,2.41522945769824,1.08
639,5.69,1.67,88.33,84.21,36.84,1.35400640077266,1.29
640,4.72,1.67,90.0,68.42,39.47,2.3909090582378294,1.16
641,6.25,3.33,88.33,57.89,36.84,1.3228756555322954,1.26
642,8.25,3.33,85.0,65.79,44.74,1.456862718169367,1.18
643,6.67,5.0,90.0,63.16,39.47,2.33571756844579,1.18
644,3.19,0.0,91.67,73.68,34.21,1.6,1.29
645,4.69,1.67,86.67,52.63,36.84,1.1902380714238083,1.32
646,2.36,0.0,91.67,57.89,47.37,2.7386127875258306,1.16
647,10.97,6.67,81.67,63.16,42.11,1.7883923248096365,1.24
648,8.47,6.67,88.33,65.79,31.58,1.5384615384615385,1.34
649,7.33,3.33,85.0,68.42,39.47,1.7873743296603883,1.24
650,7.69,3.33,85.0,52.63,34.21,1.4966629547095767,1.26
651,5.06,3.33,90.0,78.95,36.84,2.581988897471611,1.08
652,12.36,8.33,81.67,73.68,39.47,2.058685322043776,1.16
653,3.53,0.0,88.33,55.26,42.11,1.7368157431402544,1.29
654,5.97,3.33,88.33,71.05,36.84,2.4664414311581235,1.16
655,9.44,6.67,86.67,57.89,44.74,1.8331787195162053,1.21
656,6.11,5.0,91.67,63.16,36.84,1.9148542155126762,1.32
657,4.58,3.33,93.33,57.89,39.47,1.9051219391484036,1.21
658,1.78,0.0,93.33,55.26,39.47,1.6081080007745157,1.21
659,12.22,10.0,85.0,76.32,34.21,1.8330302779823358,1.24
660,5.69,3.33,90.0,52.63,44.74,2.1884048177287725,1.13
661,5.06,1.67,88.33,63.16,28.95,2.042752923427804,1.18
662,4.92,3.33,91.67,42.11,36.84,2.0,1.24
663,10.94,6.67,81.67,65.79,42.11,1.9582417480489105,1.21
664,8.67,5.0,81.67,52.63,28.95,1.6629588385661962,1.18
665,4.61,0.0,86.67,76.32,34.21,1.3564659966250534,1.29
666,4.58,1.67,91.67,57.89,34.21,2.0396078054371136,1.21
667,4.64,1.67,88.33,57.89,31.58,1.6817854699288806,1.32
668,8.06,3.33,83.33,55.26,34.21,1.5748015748023623,1.18
669,5.97,3.33,88.33,60.53,36.84,1.8708286933869707,1.18
670,10.0,6.67,83.33,60.53,36.84,1.9364916731037085,1.29
671,5.58,1.67,86.67,60.53,47.37,2.2135943621178655,1.21
672,3.89,1.67,93.33,73.68,34.21,1.9183326093250876,1.29
673,4.17,0.0,90.0,52.63,42.11,2.071051954526276,1.26
674,5.56,3.33,88.33,68.42,50.0,2.942665420735655,1.13
675,8.19,5.0,83.33,60.53,47.37,2.0976176963403033,1.11
676,6.31,3.33,86.67,73.68,42.11,1.7627926754241197,1.24
677,8.47,3.33,85.0,44.74,31.58,1.5632616486847366,1.24
678,7.28,5.0,88.33,52.63,36.84,1.6583123951777,1.29
679,7.08,6.67,91.67,63.16,42.11,1.656442468935327,1.21
680,7.92,3.33,83.33,63.16,31.58,1.6817854699288806,1.34
681,6.94,5.0,90.0,65.79,44.74,1.6413036132965795,1.16
682,8.06,5.0,88.33,50.0,42.11,1.54277843167974,1.26
683,7.22,5.0,88.33,60.53,39.47,1.342908279259174,1.29
684,9.58,3.33,80.0,73.68,36.84,2.273030282830976,1.18
685,6.67,5.0,91.67,52.63,42.11,1.9112541856026035,1.29
686,8.5,5.0,85.0,63.16,39.47,1.466706764646348,1.18
687,7.56,3.33,85.0,65.79,31.58,2.0897042626470963,1.24
688,9.58,5.0,80.0,65.79,39.47,1.9502314340874607,1.21
689,3.11,0.0,90.0,55.26,36.84,2.041241452319315,1.18
690,3.67,1.67,90.0,71.05,36.84,1.7320508075688772,1.32
691,11.67,6.67,78.33,81.58,34.21,2.262741699796952,1.11
692,5.33,3.33,90.0,60.53,52.63,2.3570226039551585,1.08
693,8.25,5.0,85.0,55.26,42.11,1.8630819574471997,1.18
694,4.72,3.33,93.33,44.74,39.47,1.7873743296603881,1.16
695,15.89,11.67,76.67,57.89,39.47,1.972399342993696,1.18
696,6.94,3.33,88.33,63.16,39.47,1.811536230956492,1.24
697,3.47,1.67,93.33,60.53,36.84,1.707825127659933,1.21
698,5.56,3.33,91.67,50.0,39.47,2.0796975205393733,1.18
699,6.39,3.33,88.33,44.74,50.0,1.8991177423861807,1.13
700,7.14,5.0,88.33,84.21,31.58,1.5876744185038687,1.13
701,3.47,1.67,93.33,44.74,42.11,1.656442468935327,1.24
702,6.44,1.67,86.67,55.26,26.32,1.6842608746502281,1.32
703,5.47,3.33,90.0,57.89,42.11,2.1144915181114556,1.16
704,9.44,8.33,88.33,57.89,44.74,2.3560603574958057,1.21
705,11.67,6.67,78.33,63.16,34.21,1.9595917942265424,1.16
706,7.19,3.33,83.33,65.79,44.74,1.7261494247992244,1.21
707,6.94,3.33,88.33,65.79,39.47,1.7128448350949748,1.18
708,5.28,3.33,90.0,50.0,39.47,2.566322532760645,1.13
709,9.22,5.0,81.67,55.26,44.74,1.7804684853180874,1.21
710,6.25,3.33,86.67,71.05,34.21,1.8973665961010275,1.18
711,2.92,0.0,93.33,63.16,39.47,2.1210975508957333,1.18
712,10.69,8.33,85.0,47.37,39.47,1.7873743296603881,1.29
713,11.44,5.0,80.0,63.16,50.0,2.539439596171541,1.13
714,5.83,1.67,86.67,47.37,36.84,1.632993161855452,1.29
715,12.64,10.0,83.33,63.16,31.58,1.9368735864637188,1.24
716,2.0,1.67,96.67,65.79,42.11,1.7627926754241194,1.18
717,8.75,5.0,83.33,63.16,42.11,1.934890604890251,1.21
718,4.06,0.0,86.67,60.53,34.21,2.0591260281974,1.16
719,10.56,6.67,85.0,65.79,28.95,1.9116278371205835,1.24
720,2.22,0.0,95.0,57.89,36.84,1.3228756555322954,1.18
721,4.31,3.33,93.33,57.89,50.0,2.6210314943134176,1.16
722,2.97,1.67,93.33,63.16,31.58,1.587674418503869,1.37
723,5.89,3.33,88.33,50.0,47.37,2.0248456731316584,1.16
724,8.61,5.0,85.0,52.63,50.0,2.1092068325804085,1.08
725,2.83,1.67,95.0,76.32,42.11,1.4826824027545535,1.24
726,4.72,3.33,93.33,60.53,42.11,1.9112541856026035,1.13
727,11.53,6.67,81.67,65.79,42.11,2.0266815281461774,1.24
728,8.75,6.67,88.33,60.53,44.74,1.958758457257441,1.18
729,5.56,1.67,90.0,47.37,34.21,1.6492422502470643,1.26
730,10.25,8.33,85.0,39.47,47.37,2.0976176963403033,1.11
731,6.53,3.33,86.67,52.63,34.21,1.673320053068151,1.21
732,7.08,3.33,86.67,84.21,44.74,1.9342948582466568,1.18
733,6.11,1.67,86.67,68.42,39.47,1.7128448350949745,1.29
734,7.08,5.0,88.33,57.89,31.58,1.7045015235507954,1.24
735,12.0,6.67,78.33,78.95,42.11,2.1780270092201706,1.16
736,8.47,3.33,83.33,71.05,39.47,1.6081080007745157,1.26
737,6.64,3.33,85.0,60.53,28.95,1.7069212773041351,1.29
738,4.56,1.67,90.0,55.26,44.74,1.958758457257441,1.24
739,8.89,3.33,80.0,50.0,36.84,1.5811388300841898,1.24
740,3.39,0.0,91.67,52.63,44.74,2.315284910693946,1.16
741,5.14,1.67,88.33,68.42,47.37,2.6076809620810595,1.11
742,5.69,1.67,88.33,57.89,39.47,2.2981870063308714,1.13
743,7.08,6.67,91.67,63.16,44.74,2.335761613034423,1.18
744,5.47,1.67,88.33,63.16,34.21,2.0591260281974,1.18
745,4.72,0.0,88.33,60.53,42.11,1.9582417480489107,1.08
746,5.14,1.67,88.33,44.74,50.0,2.1827833003502866,1.08
747,4.92,0.0,86.67,55.26,31.58,2.1080291701607266,1.32
748,2.08,1.67,96.67,63.16,42.11,1.934890604890251,1.16
749,12.97,11.67,83.33,63.16,39.47,2.514983454605143,1.13
750,4.58,1.67,90.0,57.89,47.37,2.0248456731316584,1.11
751,4.03,1.67,91.67,68.42,42.11,1.5719651332536893,1.29
752,5.28,3.33,90.0,78.95,52.63,2.3570226039551585,1.05
753,4.92,3.33,91.67,55.26,36.84,2.0207259421636903,1.21
754,2.5,1.67,95.0,65.79,39.47,1.8589181153419083,1.18
755,6.58,3.33,86.67,57.89,36.84,1.6832508230603465,1.24
756,5.89,1.67,85.0,47.37,47.37,3.1144823004794873,1.05
757,8.06,5.0,85.0,73.68,47.37,2.449489742783178,1.11
758,7.83,5.0,86.67,60.53,42.11,2.239760908137258,1.18
759,10.69,6.67,81.67,65.79,42.11,1.7104443383842527,1.16
760,5.97,3.33,90.0,55.26,47.37,2.3664319132398464,1.13
761,8.67,5.0,85.0,63.16,42.11,1.8630819574471995,1.11
762,11.94,5.0,76.67,68.42,50.0,2.6805961217361776,1.03
763,5.33,0.0,85.0,57.89,39.47,2.0160040207599352,1.21
764,5.11,3.33,90.0,68.42,42.11,1.8630819574471997,1.16
765,6.25,3.33,88.33,60.53,34.21,1.5491933384829668,1.18
766,5.56,3.33,90.0,63.16,42.11,1.7627926754241197,1.24
767,5.69,1.67,88.33,68.42,42.11,2.279988400724446,1.11
768,4.92,1.67,86.67,71.05,44.74,2.493529040302104,1.08
769,5.14,1.67,88.33,76.32,42.11,2.543830650842404,1.18
770,5.19,1.67,88.33,60.53,42.11,2.1358800226310417,1.16
771,5.47,1.67,86.67,55.26,39.47,2.0160040207599352,1.24
772,2.92,1.67,95.0,52.63,36.84,1.5811388300841898,1.21
773,10.83,8.33,86.67,60.53,44.74,2.231499907401901,1.05
774,8.06,5.0,86.67,73.68,44.74,2.6776982703827716,1.08
775,6.81,3.33,88.33,55.26,50.0,2.2067637150775403,1.16
776,12.0,6.67,80.0,63.16,50.0,2.7580152645418736,1.16
777,2.5,1.67,96.67,57.89,42.11,2.2193737483152187,1.13
778,11.44,5.0,76.67,73.68,42.11,3.1504951729388107,1.05
779,5.47,3.33,90.0,50.0,42.11,1.8630819574471997,1.16
780,7.69,5.0,85.0,57.89,42.11,2.198797567717786,1.16
781,10.28,6.67,83.33,42.11,47.37,2.1908902300206643,1.08
782,6.81,3.33,88.33,55.26,44.74,2.623805202658269,1.13
783,9.5,5.0,80.0,63.16,39.47,1.9943208593356023,1.21
784,4.44,0.0,88.33,55.26,44.74,2.980663305624538,1.11
785,3.81,1.67,91.67,63.16,39.47,2.4625743058271823,1.05
786,5.89,1.67,86.67,55.26,47.37,2.449489742783178,1.13
787,3.67,1.67,91.67,65.79,50.0,2.518628655580084,1.16
788,9.08,3.33,81.67,47.37,57.89,3.010398644698074,0.95
789,8.39,5.0,86.67,76.32,39.47,2.8853321779194885,1.11
790,9.08,3.33,80.0,52.63,55.26,3.1829998255220433,0.95
791,9.14,3.33,81.67,63.16,36.84,1.9790570145063195,1.16
792,5.97,3.33,90.0,63.16,39.47,2.298187006330871,1.21
793,10.69,6.67,81.67,63.16,36.84,2.0207259421636903,1.13
794,12.0,5.0,73.33,65.79,42.11,2.339032787321565,1.08
795,6.67,3.33,88.33,60.53,55.26,2.252257614009017,1.05
796,7.69,5.0,86.67,71.05,47.37,2.345207879911715,1.08
797,4.17,3.33,95.0,47.37,42.11,1.9813177016093968,1.13
798,7.97,6.67,88.33,63.16,36.84,1.848422751068236,1.26
799,5.83,3.33,90.0,50.0,39.47,2.427006215122237,1.21
800,8.89,5.0,85.0,52.63,34.21,2.0396078054371136,1.32
801,7.64,5.0,88.33,68.42,28.95,1.6405358955814888,1.26
802,6.11,3.33,88.33,73.68,34.21,2.5139610179953067,1.11
803,5.11,1.67,88.33,44.74,44.74,2.0767583321291925,1.21
804,3.06,0.0,91.67,63.16,34.21,1.4966629547095767,1.32
805,7.14,5.0,88.33,57.89,47.37,2.4698178070456938,1.08
806,5.69,3.33,90.0,60.53,34.21,2.1540659228538015,1.18
807,6.94,3.33,86.67,60.53,55.26,3.3098364462671057,1.03
808,9.72,6.67,85.0,57.89,44.74,2.1444438569900384,1.08
809,7.5,1.67,81.67,71.05,50.0,2.9247250504104847,1.03
810,5.28,1.67,86.67,60.53,39.47,1.9943208593356023,1.13
811,11.17,8.33,83.33,50.0,44.74,3.1211370682236077,1.11
812,8.19,3.33,85.0,68.42,36.84,2.5495097567963922,1.16
813,10.14,6.67,85.0,47.37,44.74,2.531435020952764,1.18
814,5.61,1.67,85.0,65.79,39.47,2.9449902994567134,1.16
815,10.06,5.0,81.67,44.74,42.11,2.1780270092201706,1.08
816,7.0,1.67,81.67,71.05,44.74,2.376185704738028,1.16
817,8.39,3.33,83.33,60.53,39.47,2.462574305827182,1.11
818,6.39,3.33,88.33,63.16,36.84,2.217355782608345,1.16
819,10.19,6.67,83.33,57.89,42.11,2.0928844424038795,1.13
820,7.28,5.0,88.33,63.16,42.11,1.8136306675690912,1.18
821,7.69,3.33,83.33,60.53,55.26,2.7890046096775762,1.05
822,9.44,6.67,85.0,55.26,47.37,1.7888543819998317,1.21
823,5.06,3.33,91.67,65.79,50.0,2.084104197181403,1.18
824,7.64,3.33,85.0,50.0,34.21,2.209072203437452,1.21
825,5.0,0.0,88.33,84.21,52.63,2.260776661041756,1.16
826,5.28,3.33,91.67,65.79,42.11,1.7627926754241197,1.26
827,8.67,5.0,85.0,44.74,42.11,2.239760908137258,1.18
828,6.53,3.33,88.33,52.63,39.47,2.5149834546051433,1.18
829,10.56,6.67,81.67,68.42,42.11,2.596883064924673,1.11
830,15.69,11.67,76.67,60.53,39.47,2.201563287160376,1.16
831,2.64,0.0,93.33,57.89,50.0,2.20676371507754,1.13
832,9.72,6.67,85.0,52.63,44.74,2.2946254863155726,1.21
833,5.83,1.67,86.67,52.63,44.74,2.0067911910195693,1.18
834,2.56,0.0,91.67,57.89,47.37,2.3021728866442674,1.18
835,6.31,3.33,88.33,68.42,42.11,2.004127971368055,1.13
836,9.86,8.33,86.67,57.89,26.32,1.4568627181693672,1.29
837,8.19,5.0,86.67,65.79,47.37,2.1213203435596424,1.16
838,4.72,3.33,93.33,44.74,42.11,2.004127971368055,1.29
839,9.03,6.67,86.67,76.32,55.26,2.952917740708502,1.05
840,9.64,6.67,85.0,65.79,42.11,2.1144915181114556,1.21
841,9.5,5.0,83.33,47.37,52.63,2.4720661623652207,1.03
842,6.67,3.33,86.67,68.42,47.37,2.701851217221259,1.05
843,8.25,5.0,86.67,60.53,55.26,2.5232483046502607,1.11
844,10.42,6.67,83.33,57.89,57.89,2.5860201081971503,1.11
845,11.25,6.67,81.67,60.53,50.0,2.8333197544620563,1.03
846,5.83,3.33,88.33,57.89,47.37,3.0495901363953815,1.0
847,7.22,5.0,88.33,84.21,44.74,2.2100574068328176,1.11
848,4.58,3.33,91.67,65.79,39.47,2.201563287160376,1.18
849,8.19,6.67,88.33,57.89,47.37,2.3021728866442674,1.13
850,5.97,5.0,91.67,76.32,39.47,2.1210975508957333,1.13
851,1.94,0.0,93.33,73.68,42.11,2.198797567717786,1.13
852,7.92,3.33,83.33,68.42,50.0,2.660889402055692,1.05
853,5.94,1.67,83.33,47.37,44.74,1.9095178719774686,1.18
854,10.56,6.67,83.33,55.26,50.0,2.433605899304609,1.05
855,5.56,3.33,91.67,55.26,47.37,2.5099800796022267,1.05
856,8.47,5.0,86.67,55.26,42.11,2.259964162664737,1.16
857,4.03,0.0,88.33,81.58,50.0,2.230486326359694,1.13
858,8.06,1.67,83.33,71.05,42.11,2.0710519545262756,1.16
859,5.56,3.33,90.0,63.16,42.11,2.1780270092201706,1.13
860,10.28,6.67,85.0,63.16,44.74,2.695423180587601,1.11
861,4.58,1.67,91.67,65.79,50.0,2.700159018606455,1.08
862,4.78,3.33,91.67,68.42,36.84,1.5545631755148024,1.21
863,7.22,5.0,88.33,65.79,42.11,1.7368157431402544,1.32
864,4.83,1.67,88.33,68.42,44.74,2.713032292046498,1.05
865,10.56,5.0,81.67,50.0,55.26,2.659448130695839,1.0
866,7.56,3.33,85.0,63.16,50.0,2.7580152645418736,1.11
867,11.11,8.33,83.33,68.42,39.47,2.3170282772998654,1.11
868,4.44,3.33,93.33,60.53,39.47,2.0796975205393733,1.29
869,8.81,5.0,85.0,55.26,55.26,3.3098364462671057,0.95
870,5.97,5.0,91.67,57.89,42.11,2.004127971368055,1.16
871,9.22,3.33,81.67,57.89,44.74,2.5314350209527645,1.05
872,10.42,5.0,81.67,47.37,52.63,3.2829526005987018,1.0
873,5.83,1.67,85.0,73.68,44.74,2.3761857047380284,1.16
874,4.86,1.67,90.0,71.05,47.37,2.0976176963403033,1.21
875,9.78,5.0,80.0,65.79,50.0,2.433605899304609,1.05
876,11.67,10.0,85.0,52.63,52.63,2.8674417556808756,1.05
877,6.67,5.0,91.67,50.0,52.63,2.7284509239574835,1.05
878,9.31,6.67,86.67,63.16,42.11,2.396622968448012,1.11
879,7.28,3.33,85.0,60.53,39.47,1.8589181153419083,1.24
880,6.81,3.33,86.67,47.37,39.47,2.566322532760645,1.21
881,7.5,5.0,90.0,60.53,42.11,2.239760908137258,1.16
882,8.75,6.67,86.67,42.11,39.47,2.1617048512445307,1.24
883,6.72,3.33,86.67,42.11,39.47,2.354258499248849,1.11
884,6.94,3.33,86.67,57.89,52.63,3.265986323710904,1.03
885,7.08,1.67,83.33,68.42,52.63,2.0816659994661326,1.16
886,11.94,5.0,80.0,44.74,42.11,2.7333266142496195,1.11
887,9.36,5.0,81.67,60.53,42.11,2.73332661424962,1.13
888,6.17,1.67,85.0,57.89,39.47,2.4448549425234,1.18
889,6.25,3.33,88.33,60.53,50.0,2.1340142034435043,1.11
890,3.86,1.67,90.0,78.95,36.84,2.23606797749979,1.13
891,7.36,3.33,85.0,63.16,55.26,2.4038607931414764,1.16
892,11.39,8.33,83.33,47.37,42.11,2.1144915181114556,1.21
893,9.31,5.0,83.33,76.32,47.37,2.280350850198276,1.08
894,6.72,3.33,86.67,55.26,42.11,2.525898907172692,1.08
895,4.64,1.67,90.0,60.53,52.63,3.48010216963685,1.0
896,8.75,5.0,85.0,60.53,44.74,2.0767583321291925,1.26
897,6.17,1.67,86.67,65.79,52.63,2.5385910352879693,1.03
898,7.64,3.33,86.67,52.63,42.11,3.1360342383018804,1.0
899,1.94,0.0,95.0,47.37,50.0,2.4551376399348634,1.11
900,11.94,8.33,81.67,55.26,60.53,2.898275349237888,1.03
901,13.72,6.67,73.33,60.53,44.74,2.166535841157586,1.24
902,8.39,6.67,88.33,68.42,55.26,2.659448130695839,1.08
903,6.11,3.33,88.33,42.11,39.47,2.058685322043776,1.29
904,7.22,5.0,88.33,73.68,34.21,2.244994432064365,1.16
905,8.19,3.33,85.0,73.68,44.74,2.5687817065259386,1.18
906,13.19,6.67,75.0,60.53,55.26,3.201427017455948,1.0
907,7.36,5.0,88.33,57.89,57.89,2.8613807855648994,1.03
908,9.78,5.0,81.67,50.0,39.47,2.1004995355097673,1.13
909,6.31,3.33,86.67,60.53,55.26,2.303900709125428,1.05
910,6.25,1.67,86.67,60.53,50.0,2.518628655580084,1.05
911,6.39,5.0,91.67,63.16,52.63,2.7688746209726918,1.13
912,8.61,5.0,85.0,44.74,39.47,1.835380079930907,1.21
913,6.39,5.0,90.0,52.63,47.37,2.258317958127243,1.08
914,9.03,6.67,86.67,57.89,50.0,2.3229554200751488,1.11
915,8.11,3.33,83.33,63.16,42.11,2.3583857765586993,1.16
916,4.69,1.67,88.33,47.37,36.84,2.41522945769824,1.24
917,8.94,6.67,85.0,60.53,42.11,2.507838949842495,1.08
918,9.03,6.67,86.67,52.63,50.0,2.9426654207356555,1.05
919,6.64,5.0,88.33,76.32,47.37,2.6457513110645907,1.11
920,3.25,0.0,90.0,71.05,55.26,2.614836561281514,1.08
921,8.47,6.67,88.33,57.89,50.0,2.8518351966619084,1.08
922,9.44,3.33,80.0,71.05,50.0,2.995841993843728,0.97
923,2.08,1.67,96.67,68.42,50.0,2.7580152645418736,1.08
924,9.03,5.0,83.33,78.95,52.63,3.1091263510296048,1.03
925,12.78,6.67,76.67,76.32,55.26,3.127066790588709,1.05
926,15.33,10.0,75.0,63.16,47.37,2.7748873851023217,1.03
927,11.03,3.33,73.33,57.89,50.0,2.719581196371329,1.16
928,9.17,5.0,83.33,50.0,50.0,2.006913259467118,1.13
929,13.25,6.67,75.0,68.42,36.84,2.9011491975882016,1.18
930,9.86,5.0,81.67,47.37,44.74,2.335761613034423,1.05
931,14.58,10.0,76.67,60.53,52.63,2.96273147243853,1.03
932,15.28,11.67,80.0,71.05,50.0,2.518628655580084,1.11
933,10.56,6.67,83.33,60.53,44.74,2.5501767312373116,1.16
934,9.78,5.0,81.67,57.89,52.63,2.4037008503093262,1.05
935,6.94,1.67,83.33,57.89,47.37,2.6076809620810595,1.16
936,9.44,6.67,86.67,47.37,44.74,2.2100574068328176,1.24
937,6.86,3.33,85.0,55.26,42.11,2.47132313073967,1.05
938,7.33,1.67,81.67,73.68,36.84,2.140872096444188,1.16
939,7.92,6.67,90.0,63.16,44.74,2.6776982703827716,1.13
940,4.72,3.33,93.33,50.0,44.74,2.252738318574261,1.11
941,12.64,10.0,83.33,52.63,47.37,2.23606797749979,1.13
942,13.33,8.33,78.33,71.05,44.74,2.9485382057928993,1.05
943,5.69,1.67,88.33,63.16,47.37,2.449489742783178,1.13
944,15.67,11.67,75.0,57.89,44.74,2.512553515861508,1.08
945,9.58,6.67,83.33,52.63,55.26,3.127066790588709,0.97
946,6.17,3.33,90.0,47.37,47.37,3.1780497164141406,1.0
947,6.94,5.0,88.33,52.63,44.74,2.122121900491161,1.21
948,5.42,3.33,91.67,47.37,44.74,2.053700824080745,1.16
949,4.92,1.67,88.33,34.21,52.63,2.5603819159562025,1.08
950,8.89,6.67,88.33,63.16,42.11,1.8136306675690912,1.18
951,9.83,6.67,85.0,60.53,52.63,2.260776661041756,1.08
952,5.69,0.0,85.0,65.79,52.63,2.3804761428476167,1.05
953,9.22,6.67,85.0,60.53,47.37,2.8284271247461903,1.13
954,10.89,6.67,81.67,57.89,44.74,2.231499907401901,1.16
955,9.03,6.67,86.67,36.84,52.63,3.80058475033046,0.87
956,9.44,5.0,81.67,63.16,50.0,2.158536489937882,1.08
957,6.53,3.33,88.33,52.63,50.0,2.6410356400619746,1.05
958,8.19,5.0,85.0,57.89,47.37,2.792848008753788,1.13
959,12.22,6.67,78.33,44.74,60.53,2.6076809620810595,0.92
960,10.83,5.0,80.0,44.74,42.11,1.981317701609397,1.11
961,11.31,6.67,78.33,57.89,50.0,2.700159018606455,1.11
962,10.56,8.33,85.0,50.0,44.74,2.294625486315573,1.08
963,5.0,3.33,91.67,47.37,47.37,2.5495097567963922,1.16
964,3.67,1.67,91.67,81.58,44.74,2.7479120088101925,1.08
965,3.47,1.67,93.33,65.79,44.74,2.0767583321291925,1.21
966,9.03,3.33,81.67,47.37,36.84,1.9790570145063195,1.24
967,8.53,5.0,85.0,63.16,50.0,2.4976443195167732,1.11
968,7.92,3.33,86.67,60.53,50.0,2.56008136989796,1.13
969,10.97,8.33,85.0,52.63,42.11,2.489647988659846,1.13
970,5.0,1.67,90.0,60.53,50.0,3.1832316894815658,0.97
971,12.08,10.0,85.0,63.16,42.11,2.279988400724446,1.11
972,9.03,6.67,86.67,52.63,50.0,3.6456630022208265,0.92
973,13.81,11.67,81.67,55.26,50.0,2.6410356400619746,1.11
974,7.92,6.67,90.0,81.58,44.74,3.136356914300021,1.05
975,8.53,5.0,83.33,65.79,57.89,3.307189138830738,1.05
976,11.11,6.67,81.67,60.53,52.63,2.7487370837451075,1.11
977,14.36,10.0,78.33,60.53,57.89,3.112474899497183,1.08
978,9.31,6.67,86.67,50.0,39.47,2.260033290150787,1.16
979,16.31,11.67,76.67,65.79,55.26,3.108198779675978,1.05
980,9.0,6.67,85.0,55.26,50.0,3.1997229796990867,1.08
981,10.33,6.67,83.33,47.37,47.37,3.0166206257996713,1.0
982,6.53,5.0,90.0,52.63,50.0,3.0480909969621597,1.03
983,4.69,0.0,85.0,44.74,34.21,2.262741699796952,1.24
984,8.47,5.0,86.67,65.79,50.0,3.1832316894815658,1.03
985,8.47,3.33,83.33,52.63,44.74,2.623805202658269,1.03
986,8.53,6.67,86.67,65.79,50.0,2.4551376399348634,1.18
987,4.58,1.67,91.67,65.79,52.63,3.4318767136623336,0.95
988,9.72,6.67,86.67,73.68,42.11,2.7166459631788973,1.05
989,8.06,3.33,85.0,68.42,50.0,2.5394395961715412,1.16
990,10.61,6.67,83.33,65.79,47.37,2.8284271247461903,1.05
991,13.39,10.0,81.67,57.89,47.37,2.073644135332772,1.18
992,15.19,8.33,75.0,60.53,50.0,2.924725050410485,1.13
993,6.67,3.33,88.33,63.16,50.0,2.6210314943134176,1.11
994,7.0,5.0,90.0,57.89,55.26,2.659448130695839,1.03
995,8.47,6.67,88.33,73.68,47.37,3.1304951684997055,1.16
996,8.61,5.0,85.0,65.79,60.53,3.22490309931942,1.05
997,11.67,8.33,83.33,63.16,57.89,2.9895651857753496,1.0
998,7.36,3.33,86.67,44.74,55.26,2.703323598370837,0.97
999,7.22,3.33,83.33,47.37,42.11,3.1069104528427385,1.03
1000,6.67,3.33,86.67,57.89,47.37,2.7202941017470885,1.05
1001,6.67,5.0,90.0,57.89,44.74,2.4159335036125373,1.16
1002,10.97,6.67,81.67,68.42,50.0,2.621031494313417,1.08
1003,7.42,6.67,90.0,63.16,55.26,2.614836561281514,1.05
1004,9.5,5.0,81.67,50.0,55.26,2.99249349222986,1.0
1005,9.36,3.33,80.0,50.0,47.37,2.701851217221259,1.03
1006,11.03,6.67,81.67,39.47,44.74,2.9485382057928997,1.13
1007,9.44,6.67,85.0,55.26,52.63,2.943920288775949,1.08
