ID;Nombre;Carrera 1;Carrera 2;Carrera 3;Carrera 4;Carrera 5;Carrera 6;Carrera 7;Carrera 8
Desafío 1;SimCity: Creando una simulación 3D de la ciudad para el estudio de fenómenos naturales.;Arquitectura; Ingeniería Civil Ambiental; Ingeniería Civil Electrónica; Ingeniería Civil Informática; Ingeniería Civil Matemática; Ingeniería Civil Telemática; Ingeniería en Diseño de Productos;
Desafío 2;Mejorar la experiencia de entrega a cliente a Nivel Nacional;Ingeniería Civil; Ingeniería Civil Industrial; Ingeniería Civil Informática; Ingeniería Civil Telemática; Ingeniería Comercial; Ingeniería en Diseño de Productos; Otras;
Desafío 3;Electric Vehicle as a Service (EVaaS);Ingeniería Civil Eléctrica; Ingeniería Civil Telemática;;;;;;
Desafío 4;Mobile Water Quality Monitoring for Offshore Fish Farms;Ingeniería Civil Electrónica; Ingeniería Civil Telemática; Ingeniería en Diseño de Productos;;;;;
Desafío 5;Creación Modelo Revenue Management Menaje Easy;Ingeniería Civil; Ingeniería Civil Industrial; Ingeniería Civil Informática; Ingeniería Civil Matemática; Ingeniería Civil Telemática; Ingeniería Comercial; Ingeniería en Diseño de Productos; Otras
Desafío 6;Monitoreo de rendimiento para jugadores de rugby con tecnología LoRaWan para recopilación de datos y simulación de juego.;Ingeniería Civil Eléctrica; Ingeniería Civil Electrónica; Ingeniería Civil Telemática; Ingeniería en Diseño de Productos;;;;
Desafío 7;Caracterización del canal inalámbrico empleando tecnología IoT;Ingeniería Civil Electrónica; Ingeniería Civil Telemática;;;;;;
Desafío 8;Sistema de posicionamiento de robot submarino en jaula de cultivo mediante telemetría y estéreo visión.;Ingeniería Civil Electrónica; Ingeniería Civil Telemática; Ingeniería en Diseño de Productos;;;;;
Desafío 9;Escalamiento de métodos de visión artificial para caracterización de biomasa, salud y proceso de alimentación de salmones.;Ingeniería Civil Electrónica; Ingeniería Civil Telemática;;;;;;
Desafío 10;Georeferenciación y Normalización de Direcciones;Ingeniería Civil; Ingeniería Civil Ambiental; Ingeniería Civil Industrial; Ingeniería Civil Informática; Ingeniería Civil Matemática; Otras;;
Desafío 11;Diseño y manufactura de prototipo industrial de un equipo térmico que utilice Hidrógeno como combustible, economicamente viable para la industria chilena.;Ingeniería Civil Industrial; Ingeniería Civil Mecánica; Ingeniería Civil Química; Otras; Ingeniería Civil Ambiental; Ingeniería Comercial;;
Desafío 12;¿Como aprovechar la IA para facilitar la actividad de los profesores en la educación de nuestro pais?;Ingeniería Civil Electrónica; Ingeniería Civil Industrial; Ingeniería Civil Informática; Ingeniería Civil Telemática; Ingeniería Comercial; Ingeniería en Diseño de Productos;;
Desafío 13;People Analytics - Talento y Desarrollo;Ingeniería Civil; Ingeniería Civil Industrial; Ingeniería Civil Informática; Ingeniería Civil Matemática; Ingeniería Civil Telemática; Ingeniería Comercial; Ingeniería en Diseño de Productos; Otras
Desafío 14;Miido - tecnología para optimizar el uso de fertilizantes en agro;Ingeniería Civil Ambiental; Ingeniería Civil Informática; Ingeniería Civil Telemática; Ingeniería en Diseño de Productos;;;;
Desafío 15;OptiDataLake: Plataforma de Gestión y Análisis de Market Data;Ingeniería Civil Electrónica; Ingeniería Civil Industrial; Ingeniería Civil Informática; Ingeniería Civil Matemática; Ingeniería Civil Telemática; Ingeniería Comercial; Otras;
Desafío 16;Quantum Challengue: Simular en un computador cuántico el comportamiento QKD en Base a Protocolo BB84.;Ingeniería Civil Electrónica; Ingeniería Civil Informática; Ingeniería Civil Telemática;;;;;
Desafío 17;Desarrollo de un Software para Automatizar Operaciones de Análisis de Genómica Funcional en Hongos;Ingeniería Civil Informática; Ingeniería Civil Química; Ingeniería Civil Telemática;;;;;
Desafío 18;Mapeo de zonas rojas de apps de delivery;Arquitectura; Ingeniería Civil Industrial; Ingeniería Civil Informática; Ingeniería Civil Telemática;;;;
Desafío 19;Rutas de inspección visual del espacio público urbano;Ingeniería Civil Telemática;;;;;;;
Desafío 20;Desarrollo de un modelo avanzado para la identificación y evaluación de métricas específicas basadas en el impacto cefálico y la kinésica Infantil en Niños con TEA.;Ingeniería Civil Informática; Ingeniería Civil Telemática;;;;;;
Desafío 21;Plataforma Configurable de Interfaz para Dispositivos de Telemetría en WOLKE;Ingeniería Civil Telemática; Ingeniería en Diseño de Productos;;;;;;
Desafío 22;Modelo de Predicción y Correlación - Clima HR Analytics;Ingeniería Civil; Ingeniería Civil Industrial; Ingeniería Civil Informática; Ingeniería Civil Matemática; Ingeniería Civil Telemática; Ingeniería Comercial; Ingeniería en Diseño de Productos; Otras
Desafío 23;Modulación digital de flujos de procesos enológicos de vendimia;Ingeniería Civil Industrial; Ingeniería Civil Informática; Ingeniería en Diseño de Productos;;;;;
Desafío 24;Plataforma Educacional (LMS) para Coding Dojo Latam;Ingeniería Civil Informática; Ingeniería en Diseño de Productos; Otras;;;;;
Desafío 25;Normalizacion de Datos Categóricos;Ingeniería Civil Industrial; Ingeniería Civil Informática; Ingeniería Civil Matemática; Otras;;;;
Desafío 26;Administrador de Diccionarios de Datos;Ingeniería Civil; Ingeniería Civil Industrial; Ingeniería Civil Informática; Ingeniería Civil Matemática; Otras;;;
Desafío 27;Uso de LLMs para masificar la explotación de datos en Falp;Ingeniería Civil; Ingeniería Civil Industrial; Ingeniería Civil Informática; Ingeniería Civil Matemática; Otras;;;
Desafío 28;Atlas/Bitácora de Casos Oncológicos Complejos;Ingeniería Civil Informática; Ingeniería Civil Telemática; Ingeniería en Diseño de Productos; Otras;;;;
Desafío 29;Sistema para el control y mejora de la limpieza industrial bajo correa transportadora en minería para contratos de aseo industrial NEXXO;Ingeniería Civil Electrónica; Ingeniería Civil Informática; Ingeniería Civil Telemática;;;;;
Desafío 30;Sistema para la limpieza automatizada de riel de Tripper minero;Ingeniería Civil Electrónica; Ingeniería Civil Mecánica; Ingeniería Civil Telemática;;;;;
Desafío 31;Simulación y control de las velocidades de la solución química al interior de los paneles de tubos de calderas para una limpieza química;Ingeniería Civil Informática; Ingeniería Civil Matemática; Ingeniería Civil Química;;;;;
Desafío 32;Modelo de control de consumo EPP y ropa de trabajo para la circularidad de elementos en desuso;Ingeniería Civil Ambiental; Ingeniería Civil Industrial; Ingeniería Comercial;;;;;
Desafío 33;Clasificación de imágenes de mamografía usando Machine Learning;Ingeniería Civil Electrónica; Ingeniería Civil Informática; Ingeniería Civil Matemática; Ingeniería Civil Telemática;;;;
Desafío 34;Sistema de Localización en Tiempo Real (RTLS) de pacientes dentro de una clínica basado en machine learning;Ingeniería Civil; Ingeniería Civil Eléctrica; Ingeniería Civil Electrónica; Ingeniería Civil Informática; Ingeniería Civil Telemática; Ingeniería en Diseño de Productos;;
Desafío 35;Modelo Acústico de Lenguaje Natural (NLP) Para Conversaciones Oncológicas de Salud;Ingeniería Civil; Ingeniería Civil Eléctrica; Ingeniería Civil Electrónica; Ingeniería Civil Informática; Ingeniería Civil Telemática;;;
Desafío 36;Desarrollar un sistema de correlación de datos de diversas plataformas de seguridad para identificar patrones y relaciones entre eventos aparentemente no relacionados y estimar riesgos de ciberseguridad;Ingeniería Civil Informática; Ingeniería Civil Matemática; Ingeniería Civil Telemática;;;;;
Desafío 37;Implementar un sistema de revision y generación de informes automatizados que resuma el estado de seguridad de la red, incluyendo recomendaciones para mejoras.;Ingeniería Civil Informática; Ingeniería Civil Matemática; Ingeniería Civil Telemática; Ingeniería en Diseño de Productos;;;;
Desafío 38;Implementacion de sistema que permita gestionar incidentes de ciberseguridad;Ingeniería Civil Informática; Ingeniería Civil Matemática; Ingeniería Civil Telemática;;;;;
